{"cameraMode":{"drawMode":0,"name":"Shaded","section":"Shading Mode"},"sceneLighting":false,"audioPlay":false,"sceneViewState":{"showFog":true,"showMaterialUpdate":false,"showSkybox":true,"showFlares":true,"showImageEffects":true,"showParticleSystems":true},"in2DMode":false,"pivot":{"x":2.5326216220855715,"y":2.494030237197876,"z":2.8138463497161867},"rotation":{"x":0.0008985023596324027,"y":-0.0005924389115534723,"z":5.740645292462432e-7,"w":0.999999463558197},"size":10.61870288848877,"orthographic":false}