{"cameraMode":{"drawMode":0,"name":"Shaded","section":"Shading Mode"},"sceneLighting":false,"audioPlay":false,"sceneViewState":{"showFog":true,"showMaterialUpdate":false,"showSkybox":true,"showFlares":true,"showImageEffects":true,"showParticleSystems":true},"in2DMode":false,"pivot":{"x":8.575531005859375,"y":-12.26688003540039,"z":-19.03717613220215},"rotation":{"x":-0.053796254098415378,"y":-0.9443679451942444,"z":0.25770413875579836,"w":-0.19713884592056275},"size":27.557710647583009,"orthographic":false}