{"cameraMode":{"drawMode":0,"name":"Shaded","section":"Shading Mode"},"sceneLighting":false,"audioPlay":false,"sceneViewState":{"showFog":true,"showMaterialUpdate":false,"showSkybox":true,"showFlares":true,"showImageEffects":true,"showParticleSystems":true},"in2DMode":false,"pivot":{"x":-5.300587177276611,"y":2.957648754119873,"z":1.0380902290344239},"rotation":{"x":-0.014086849056184292,"y":-0.4646473824977875,"z":0.007393063511699438,"w":-0.8853529095649719},"size":2.8578836917877199,"orthographic":false}