{"cameraMode":{"drawMode":0,"name":"Shaded","section":"Shading Mode"},"sceneLighting":true,"audioPlay":false,"sceneViewState":{"showFog":true,"showMaterialUpdate":false,"showSkybox":true,"showFlares":true,"showImageEffects":true,"showParticleSystems":true},"in2DMode":false,"pivot":{"x":8.665457725524903,"y":1.7366465330123902,"z":11.4801025390625},"rotation":{"x":0.006393831223249435,"y":-0.2417772114276886,"z":-0.001593554625287652,"w":-0.9703094363212586},"size":11.02662467956543,"orthographic":false}