{"cameraMode":{"drawMode":0,"name":"Shaded","section":"Shading Mode"},"sceneLighting":false,"audioPlay":false,"sceneViewState":{"showFog":true,"showMaterialUpdate":false,"showSkybox":true,"showFlares":true,"showImageEffects":true,"showParticleSystems":true},"in2DMode":false,"pivot":{"x":5.175000190734863,"y":2.2649998664855959,"z":0.0},"rotation":{"x":0.04828508943319321,"y":-0.01617029681801796,"z":0.0007816996658220887,"w":0.9987024664878845},"size":2.821934461593628,"orthographic":false}